countryCode,countryName,states,cities,stateCoverageStatus,cityCoverageStatus,coverageGaps,metadataFilled,metadataDenominator,metadataCompleteness,cityCoordinateCoverage,cityQidCoverage,stateCoordinateExceptions,lowConfidenceQids,dataVersion
AF,Afghanistan,33,92,available,available,0,7,8,0.875,1,0.782609,0,0,sha256:753742bdb65d7ff73082fce925b75ab6228efb217f0226a9d87bad5ef5556c74
AX,Aland Islands,0,0,missing,missing,2,7,8,0.875,,,0,0,sha256:753742bdb65d7ff73082fce925b75ab6228efb217f0226a9d87bad5ef5556c74
AL,Albania,47,130,available,available,0,7,8,0.875,1,0.576923,1,0,sha256:753742bdb65d7ff73082fce925b75ab6228efb217f0226a9d87bad5ef5556c74
DZ,Algeria,58,293,available,available,0,7,8,0.875,1,0.802048,0,0,sha256:753742bdb65d7ff73082fce925b75ab6228efb217f0226a9d87bad5ef5556c74
AS,American Samoa,0,0,missing,missing,2,7,8,0.875,,,0,0,sha256:753742bdb65d7ff73082fce925b75ab6228efb217f0226a9d87bad5ef5556c74
AD,Andorra,7,10,available,available,0,7,8,0.875,1,0.5,0,0,sha256:753742bdb65d7ff73082fce925b75ab6228efb217f0226a9d87bad5ef5556c74
AO,Angola,17,48,available,available,0,7,8,0.875,1,0.479167,0,1,sha256:753742bdb65d7ff73082fce925b75ab6228efb217f0226a9d87bad5ef5556c74
AI,Anguilla,0,0,missing,missing,2,7,8,0.875,,,0,0,sha256:753742bdb65d7ff73082fce925b75ab6228efb217f0226a9d87bad5ef5556c74
AQ,Antarctica,0,0,notApplicable,notApplicable,4,5,8,0.625,,,0,0,sha256:753742bdb65d7ff73082fce925b75ab6228efb217f0226a9d87bad5ef5556c74
AG,Antigua And Barbuda,8,9,available,available,0,7,8,0.875,1,1,0,0,sha256:753742bdb65d7ff73082fce925b75ab6228efb217f0226a9d87bad5ef5556c74
AR,Argentina,24,963,available,available,0,7,8,0.875,1,0.735202,0,40,sha256:753742bdb65d7ff73082fce925b75ab6228efb217f0226a9d87bad5ef5556c74
AM,Armenia,11,308,available,available,0,7,8,0.875,1,0.915584,0,1,sha256:753742bdb65d7ff73082fce925b75ab6228efb217f0226a9d87bad5ef5556c74
AW,Aruba,0,0,missing,missing,2,7,8,0.875,,,0,0,sha256:753742bdb65d7ff73082fce925b75ab6228efb217f0226a9d87bad5ef5556c74
AU,Australia,8,4139,available,available,0,7,8,0.875,1,0.657888,0,88,sha256:753742bdb65d7ff73082fce925b75ab6228efb217f0226a9d87bad5ef5556c74
AT,Austria,9,2361,available,available,0,7,8,0.875,1,0.376535,0,1,sha256:753742bdb65d7ff73082fce925b75ab6228efb217f0226a9d87bad5ef5556c74
AZ,Azerbaijan,75,178,available,available,0,7,8,0.875,1,0.707865,0,1,sha256:753742bdb65d7ff73082fce925b75ab6228efb217f0226a9d87bad5ef5556c74
BS,Bahamas,42,21,available,available,0,7,8,0.875,1,0.52381,5,0,sha256:753742bdb65d7ff73082fce925b75ab6228efb217f0226a9d87bad5ef5556c74
BH,Bahrain,5,9,available,available,0,7,8,0.875,1,1,0,0,sha256:753742bdb65d7ff73082fce925b75ab6228efb217f0226a9d87bad5ef5556c74
BD,Bangladesh,70,141,available,available,0,7,8,0.875,1,0.297872,0,1,sha256:753742bdb65d7ff73082fce925b75ab6228efb217f0226a9d87bad5ef5556c74
BB,Barbados,11,7,available,available,0,7,8,0.875,1,0.571429,0,0,sha256:753742bdb65d7ff73082fce925b75ab6228efb217f0226a9d87bad5ef5556c74
BY,Belarus,7,329,available,available,0,7,8,0.875,1,0.933131,0,1,sha256:753742bdb65d7ff73082fce925b75ab6228efb217f0226a9d87bad5ef5556c74
BE,Belgium,13,550,available,available,0,7,8,0.875,1,0.863636,0,2,sha256:753742bdb65d7ff73082fce925b75ab6228efb217f0226a9d87bad5ef5556c74
BZ,Belize,6,13,available,available,0,7,8,0.875,1,0.846154,0,0,sha256:753742bdb65d7ff73082fce925b75ab6228efb217f0226a9d87bad5ef5556c74
BJ,Benin,12,36,available,available,0,7,8,0.875,1,0.083333,0,0,sha256:753742bdb65d7ff73082fce925b75ab6228efb217f0226a9d87bad5ef5556c74
BM,Bermuda,11,0,available,missing,1,7,8,0.875,,,0,0,sha256:753742bdb65d7ff73082fce925b75ab6228efb217f0226a9d87bad5ef5556c74
BT,Bhutan,19,24,available,available,0,7,8,0.875,1,0.666667,0,0,sha256:753742bdb65d7ff73082fce925b75ab6228efb217f0226a9d87bad5ef5556c74
BO,Bolivia,9,228,available,available,0,7,8,0.875,1,0.557018,0,26,sha256:753742bdb65d7ff73082fce925b75ab6228efb217f0226a9d87bad5ef5556c74
BQ,"Bonaire, Sint Eustatius and Saba",0,0,missing,missing,2,7,8,0.875,,,0,0,sha256:753742bdb65d7ff73082fce925b75ab6228efb217f0226a9d87bad5ef5556c74
BA,Bosnia and Herzegovina,13,232,available,available,0,7,8,0.875,1,0.452586,0,0,sha256:753742bdb65d7ff73082fce925b75ab6228efb217f0226a9d87bad5ef5556c74
BW,Botswana,10,75,available,available,0,7,8,0.875,1,0.746667,0,1,sha256:753742bdb65d7ff73082fce925b75ab6228efb217f0226a9d87bad5ef5556c74
BV,Bouvet Island,0,0,notApplicable,notApplicable,3,6,8,0.75,,,0,0,sha256:753742bdb65d7ff73082fce925b75ab6228efb217f0226a9d87bad5ef5556c74
BR,Brazil,27,5640,available,available,0,7,8,0.875,1,0.270922,0,51,sha256:753742bdb65d7ff73082fce925b75ab6228efb217f0226a9d87bad5ef5556c74
IO,British Indian Ocean Territory,0,0,missing,missing,2,7,8,0.875,,,0,0,sha256:753742bdb65d7ff73082fce925b75ab6228efb217f0226a9d87bad5ef5556c74
BN,Brunei,4,9,available,available,0,7,8,0.875,1,0.333333,0,0,sha256:753742bdb65d7ff73082fce925b75ab6228efb217f0226a9d87bad5ef5556c74
BG,Bulgaria,28,504,available,available,0,7,8,0.875,1,0.821429,0,0,sha256:753742bdb65d7ff73082fce925b75ab6228efb217f0226a9d87bad5ef5556c74
BF,Burkina Faso,57,92,available,available,0,7,8,0.875,1,0.880435,0,4,sha256:753742bdb65d7ff73082fce925b75ab6228efb217f0226a9d87bad5ef5556c74
BI,Burundi,18,17,available,available,0,7,8,0.875,1,0.882353,0,0,sha256:753742bdb65d7ff73082fce925b75ab6228efb217f0226a9d87bad5ef5556c74
KH,Cambodia,23,106,available,available,0,7,8,0.875,1,0.877358,0,2,sha256:753742bdb65d7ff73082fce925b75ab6228efb217f0226a9d87bad5ef5556c74
CM,Cameroon,10,139,available,available,0,7,8,0.875,1,0.273381,0,1,sha256:753742bdb65d7ff73082fce925b75ab6228efb217f0226a9d87bad5ef5556c74
CA,Canada,13,1079,available,available,0,7,8,0.875,1,0.622799,0,9,sha256:753742bdb65d7ff73082fce925b75ab6228efb217f0226a9d87bad5ef5556c74
CV,Cape Verde,23,24,available,available,0,7,8,0.875,1,0.625,0,0,sha256:753742bdb65d7ff73082fce925b75ab6228efb217f0226a9d87bad5ef5556c74
KY,Cayman Islands,0,0,missing,missing,2,7,8,0.875,,,0,0,sha256:753742bdb65d7ff73082fce925b75ab6228efb217f0226a9d87bad5ef5556c74
CF,Central African Republic,17,43,available,available,0,7,8,0.875,1,0.55814,0,1,sha256:753742bdb65d7ff73082fce925b75ab6228efb217f0226a9d87bad5ef5556c74
TD,Chad,23,41,available,available,0,7,8,0.875,1,0.756098,0,0,sha256:753742bdb65d7ff73082fce925b75ab6228efb217f0226a9d87bad5ef5556c74
CL,Chile,16,346,available,available,0,7,8,0.875,1,1,0,5,sha256:753742bdb65d7ff73082fce925b75ab6228efb217f0226a9d87bad5ef5556c74
CN,China,34,1296,available,available,0,7,8,0.875,1,0.21142,0,15,sha256:753742bdb65d7ff73082fce925b75ab6228efb217f0226a9d87bad5ef5556c74
CX,Christmas Island,0,0,missing,missing,2,7,8,0.875,,,0,0,sha256:753742bdb65d7ff73082fce925b75ab6228efb217f0226a9d87bad5ef5556c74
CC,Cocos (Keeling) Islands,0,0,missing,missing,2,7,8,0.875,,,0,0,sha256:753742bdb65d7ff73082fce925b75ab6228efb217f0226a9d87bad5ef5556c74
CO,Colombia,33,1124,available,available,0,7,8,0.875,1,0.883452,0,13,sha256:753742bdb65d7ff73082fce925b75ab6228efb217f0226a9d87bad5ef5556c74
KM,Comoros,3,88,available,available,0,7,8,0.875,1,0.465909,0,0,sha256:753742bdb65d7ff73082fce925b75ab6228efb217f0226a9d87bad5ef5556c74
CG,Congo,12,17,available,available,0,7,8,0.875,1,0.764706,0,0,sha256:753742bdb65d7ff73082fce925b75ab6228efb217f0226a9d87bad5ef5556c74
CK,Cook Islands,0,0,missing,missing,2,7,8,0.875,,,0,0,sha256:753742bdb65d7ff73082fce925b75ab6228efb217f0226a9d87bad5ef5556c74
CR,Costa Rica,7,159,available,available,0,7,8,0.875,1,0.515723,0,3,sha256:753742bdb65d7ff73082fce925b75ab6228efb217f0226a9d87bad5ef5556c74
CI,Côte d'Ivoire,31,85,available,available,0,7,8,0.875,1,0.152941,1,0,sha256:753742bdb65d7ff73082fce925b75ab6228efb217f0226a9d87bad5ef5556c74
HR,Croatia,20,664,available,available,0,7,8,0.875,1,0.35241,0,1,sha256:753742bdb65d7ff73082fce925b75ab6228efb217f0226a9d87bad5ef5556c74
CU,Cuba,16,187,available,available,0,7,8,0.875,1,0.395722,0,0,sha256:753742bdb65d7ff73082fce925b75ab6228efb217f0226a9d87bad5ef5556c74
CW,Curaçao,0,0,missing,missing,2,7,8,0.875,,,0,0,sha256:753742bdb65d7ff73082fce925b75ab6228efb217f0226a9d87bad5ef5556c74
CY,Cyprus,6,95,available,available,0,7,8,0.875,1,0.694737,0,0,sha256:753742bdb65d7ff73082fce925b75ab6228efb217f0226a9d87bad5ef5556c74
CZ,Czech Republic,90,1355,available,available,0,7,8,0.875,1,0.989668,0,1,sha256:753742bdb65d7ff73082fce925b75ab6228efb217f0226a9d87bad5ef5556c74
CD,Democratic Republic of the Congo,26,69,available,available,0,7,8,0.875,1,0.463768,0,0,sha256:753742bdb65d7ff73082fce925b75ab6228efb217f0226a9d87bad5ef5556c74
DK,Denmark,5,429,available,available,0,7,8,0.875,1,0.923077,0,0,sha256:753742bdb65d7ff73082fce925b75ab6228efb217f0226a9d87bad5ef5556c74
DJ,Djibouti,6,12,available,available,0,7,8,0.875,1,1,0,0,sha256:753742bdb65d7ff73082fce925b75ab6228efb217f0226a9d87bad5ef5556c74
DM,Dominica,10,17,available,available,0,7,8,0.875,1,1,0,0,sha256:753742bdb65d7ff73082fce925b75ab6228efb217f0226a9d87bad5ef5556c74
DO,Dominican Republic,31,207,available,available,0,7,8,0.875,1,0.864734,0,0,sha256:753742bdb65d7ff73082fce925b75ab6228efb217f0226a9d87bad5ef5556c74
TL,Timor-Leste,12,50,available,available,0,7,8,0.875,1,0.18,0,0,sha256:753742bdb65d7ff73082fce925b75ab6228efb217f0226a9d87bad5ef5556c74
EC,Ecuador,24,115,available,available,0,7,8,0.875,1,0.791304,0,3,sha256:753742bdb65d7ff73082fce925b75ab6228efb217f0226a9d87bad5ef5556c74
EG,Egypt,27,140,available,available,0,7,8,0.875,1,0.671429,0,3,sha256:753742bdb65d7ff73082fce925b75ab6228efb217f0226a9d87bad5ef5556c74
SV,El Salvador,14,100,available,available,0,7,8,0.875,1,0.99,0,0,sha256:753742bdb65d7ff73082fce925b75ab6228efb217f0226a9d87bad5ef5556c74
GQ,Equatorial Guinea,9,24,available,available,0,7,8,0.875,1,0.916667,0,1,sha256:753742bdb65d7ff73082fce925b75ab6228efb217f0226a9d87bad5ef5556c74
ER,Eritrea,6,11,available,available,0,7,8,0.875,1,1,0,0,sha256:753742bdb65d7ff73082fce925b75ab6228efb217f0226a9d87bad5ef5556c74
EE,Estonia,15,162,available,available,0,7,8,0.875,1,0.901235,0,2,sha256:753742bdb65d7ff73082fce925b75ab6228efb217f0226a9d87bad5ef5556c74
ET,Ethiopia,11,144,available,available,0,7,8,0.875,1,0.680556,0,10,sha256:753742bdb65d7ff73082fce925b75ab6228efb217f0226a9d87bad5ef5556c74
FK,Falkland Islands,0,0,missing,missing,2,7,8,0.875,,,0,0,sha256:753742bdb65d7ff73082fce925b75ab6228efb217f0226a9d87bad5ef5556c74
FO,Faroe Islands,0,0,missing,missing,2,7,8,0.875,,,0,0,sha256:753742bdb65d7ff73082fce925b75ab6228efb217f0226a9d87bad5ef5556c74
FJ,Fiji Islands,19,20,available,available,0,7,8,0.875,1,0.8,5,1,sha256:753742bdb65d7ff73082fce925b75ab6228efb217f0226a9d87bad5ef5556c74
FI,Finland,21,402,available,available,0,7,8,0.875,1,0.422886,1,0,sha256:753742bdb65d7ff73082fce925b75ab6228efb217f0226a9d87bad5ef5556c74
FR,France,123,8894,available,available,0,7,8,0.875,1,0.256802,6,8,sha256:753742bdb65d7ff73082fce925b75ab6228efb217f0226a9d87bad5ef5556c74
GF,French Guiana,0,0,missing,missing,2,7,8,0.875,,,0,0,sha256:753742bdb65d7ff73082fce925b75ab6228efb217f0226a9d87bad5ef5556c74
PF,French Polynesia,0,0,missing,missing,2,7,8,0.875,,,0,0,sha256:753742bdb65d7ff73082fce925b75ab6228efb217f0226a9d87bad5ef5556c74
TF,French Southern Territories,0,0,missing,notApplicable,2,7,8,0.875,,,0,0,sha256:753742bdb65d7ff73082fce925b75ab6228efb217f0226a9d87bad5ef5556c74
GA,Gabon,9,28,available,available,0,7,8,0.875,1,0.785714,0,0,sha256:753742bdb65d7ff73082fce925b75ab6228efb217f0226a9d87bad5ef5556c74
GM,Gambia,6,104,available,available,0,7,8,0.875,1,0.682692,0,1,sha256:753742bdb65d7ff73082fce925b75ab6228efb217f0226a9d87bad5ef5556c74
GE,Georgia,14,112,available,available,0,7,8,0.875,1,0.580357,0,1,sha256:753742bdb65d7ff73082fce925b75ab6228efb217f0226a9d87bad5ef5556c74
DE,Germany,16,7097,available,available,0,7,8,0.875,1,0.67296,0,8,sha256:753742bdb65d7ff73082fce925b75ab6228efb217f0226a9d87bad5ef5556c74
GH,Ghana,16,121,available,available,0,7,8,0.875,1,0.85124,0,21,sha256:753742bdb65d7ff73082fce925b75ab6228efb217f0226a9d87bad5ef5556c74
GI,Gibraltar,0,0,missing,missing,2,7,8,0.875,,,0,0,sha256:753742bdb65d7ff73082fce925b75ab6228efb217f0226a9d87bad5ef5556c74
GR,Greece,38,1025,available,available,0,7,8,0.875,1,0.598049,3,0,sha256:753742bdb65d7ff73082fce925b75ab6228efb217f0226a9d87bad5ef5556c74
GL,Greenland,0,0,missing,missing,2,7,8,0.875,,,0,0,sha256:753742bdb65d7ff73082fce925b75ab6228efb217f0226a9d87bad5ef5556c74
GD,Grenada,7,7,available,available,0,7,8,0.875,1,0.714286,0,0,sha256:753742bdb65d7ff73082fce925b75ab6228efb217f0226a9d87bad5ef5556c74
GP,Guadeloupe,0,0,missing,missing,2,7,8,0.875,,,0,0,sha256:753742bdb65d7ff73082fce925b75ab6228efb217f0226a9d87bad5ef5556c74
GU,Guam,0,0,missing,missing,2,7,8,0.875,,,0,0,sha256:753742bdb65d7ff73082fce925b75ab6228efb217f0226a9d87bad5ef5556c74
GT,Guatemala,21,382,available,available,0,7,8,0.875,1,0.746073,0,0,sha256:753742bdb65d7ff73082fce925b75ab6228efb217f0226a9d87bad5ef5556c74
GG,Guernsey and Alderney,0,0,missing,missing,2,7,8,0.875,,,0,0,sha256:753742bdb65d7ff73082fce925b75ab6228efb217f0226a9d87bad5ef5556c74
GN,Guinea,40,54,available,available,0,7,8,0.875,1,0.777778,0,7,sha256:753742bdb65d7ff73082fce925b75ab6228efb217f0226a9d87bad5ef5556c74
GW,Guinea-Bissau,11,14,available,available,0,7,8,0.875,1,0.714286,1,0,sha256:753742bdb65d7ff73082fce925b75ab6228efb217f0226a9d87bad5ef5556c74
GY,Guyana,10,14,available,available,0,7,8,0.875,1,0.714286,0,0,sha256:753742bdb65d7ff73082fce925b75ab6228efb217f0226a9d87bad5ef5556c74
HT,Haiti,10,124,available,available,0,7,8,0.875,1,0.274194,0,0,sha256:753742bdb65d7ff73082fce925b75ab6228efb217f0226a9d87bad5ef5556c74
HM,Heard Island and McDonald Islands,0,0,notApplicable,notApplicable,3,6,8,0.75,,,0,0,sha256:753742bdb65d7ff73082fce925b75ab6228efb217f0226a9d87bad5ef5556c74
HN,Honduras,18,545,available,available,0,7,8,0.875,1,0.082569,0,0,sha256:753742bdb65d7ff73082fce925b75ab6228efb217f0226a9d87bad5ef5556c74
HK,Hong Kong S.A.R.,18,0,available,missing,1,7,8,0.875,,,0,0,sha256:753742bdb65d7ff73082fce925b75ab6228efb217f0226a9d87bad5ef5556c74
HU,Hungary,42,1005,available,available,0,7,8,0.875,1,0.978109,0,1,sha256:753742bdb65d7ff73082fce925b75ab6228efb217f0226a9d87bad5ef5556c74
IS,Iceland,8,74,available,available,0,7,8,0.875,1,0.837838,0,5,sha256:753742bdb65d7ff73082fce925b75ab6228efb217f0226a9d87bad5ef5556c74
IN,India,36,4241,available,available,0,7,8,0.875,1,0.659043,0,104,sha256:753742bdb65d7ff73082fce925b75ab6228efb217f0226a9d87bad5ef5556c74
ID,Indonesia,34,889,available,available,0,7,8,0.875,1,0.569179,0,62,sha256:753742bdb65d7ff73082fce925b75ab6228efb217f0226a9d87bad5ef5556c74
IR,Iran,31,1090,available,available,0,7,8,0.875,1,0.56055,0,2,sha256:753742bdb65d7ff73082fce925b75ab6228efb217f0226a9d87bad5ef5556c74
IQ,Iraq,18,81,available,available,0,7,8,0.875,1,0.432099,0,0,sha256:753742bdb65d7ff73082fce925b75ab6228efb217f0226a9d87bad5ef5556c74
IE,Ireland,29,372,available,available,0,7,8,0.875,1,0.801075,0,5,sha256:753742bdb65d7ff73082fce925b75ab6228efb217f0226a9d87bad5ef5556c74
IL,Israel,6,150,available,available,0,7,8,0.875,1,0.74,0,0,sha256:753742bdb65d7ff73082fce925b75ab6228efb217f0226a9d87bad5ef5556c74
IT,Italy,128,9948,available,available,0,7,8,0.875,1,0.066446,0,16,sha256:753742bdb65d7ff73082fce925b75ab6228efb217f0226a9d87bad5ef5556c74
JM,Jamaica,14,840,available,available,0,7,8,0.875,1,0.002381,0,0,sha256:753742bdb65d7ff73082fce925b75ab6228efb217f0226a9d87bad5ef5556c74
JP,Japan,47,1671,available,available,0,7,8,0.875,1,0.295033,0,3,sha256:753742bdb65d7ff73082fce925b75ab6228efb217f0226a9d87bad5ef5556c74
JE,Jersey,0,0,missing,missing,2,7,8,0.875,,,0,0,sha256:753742bdb65d7ff73082fce925b75ab6228efb217f0226a9d87bad5ef5556c74
JO,Jordan,12,82,available,available,0,7,8,0.875,1,0.121951,0,0,sha256:753742bdb65d7ff73082fce925b75ab6228efb217f0226a9d87bad5ef5556c74
KZ,Kazakhstan,17,260,available,available,0,7,8,0.875,1,0.303846,0,5,sha256:753742bdb65d7ff73082fce925b75ab6228efb217f0226a9d87bad5ef5556c74
KE,Kenya,47,110,available,available,0,7,8,0.875,1,0.627273,0,3,sha256:753742bdb65d7ff73082fce925b75ab6228efb217f0226a9d87bad5ef5556c74
KI,Kiribati,3,38,available,available,0,7,8,0.875,1,0.026316,0,0,sha256:753742bdb65d7ff73082fce925b75ab6228efb217f0226a9d87bad5ef5556c74
XK,Kosovo,7,0,available,missing,1,7,8,0.875,,,0,0,sha256:753742bdb65d7ff73082fce925b75ab6228efb217f0226a9d87bad5ef5556c74
KW,Kuwait,6,25,available,available,0,7,8,0.875,1,0.08,0,0,sha256:753742bdb65d7ff73082fce925b75ab6228efb217f0226a9d87bad5ef5556c74
KG,Kyrgyzstan,9,53,available,available,0,7,8,0.875,1,0.830189,0,2,sha256:753742bdb65d7ff73082fce925b75ab6228efb217f0226a9d87bad5ef5556c74
LA,Laos,19,76,available,available,0,7,8,0.875,1,0.894737,1,2,sha256:753742bdb65d7ff73082fce925b75ab6228efb217f0226a9d87bad5ef5556c74
LV,Latvia,118,125,available,available,0,7,8,0.875,1,0.816,0,0,sha256:753742bdb65d7ff73082fce925b75ab6228efb217f0226a9d87bad5ef5556c74
LB,Lebanon,8,26,available,available,0,7,8,0.875,1,0.576923,0,0,sha256:753742bdb65d7ff73082fce925b75ab6228efb217f0226a9d87bad5ef5556c74
LS,Lesotho,10,12,available,available,0,7,8,0.875,1,1,0,0,sha256:753742bdb65d7ff73082fce925b75ab6228efb217f0226a9d87bad5ef5556c74
LR,Liberia,15,18,available,available,0,7,8,0.875,1,0.888889,0,0,sha256:753742bdb65d7ff73082fce925b75ab6228efb217f0226a9d87bad5ef5556c74
LY,Libya,21,51,available,available,0,7,8,0.875,1,0.627451,0,0,sha256:753742bdb65d7ff73082fce925b75ab6228efb217f0226a9d87bad5ef5556c74
LI,Liechtenstein,11,11,available,available,0,7,8,0.875,1,0.181818,0,0,sha256:753742bdb65d7ff73082fce925b75ab6228efb217f0226a9d87bad5ef5556c74
LT,Lithuania,69,129,available,available,0,7,8,0.875,1,0.503876,0,1,sha256:753742bdb65d7ff73082fce925b75ab6228efb217f0226a9d87bad5ef5556c74
LU,Luxembourg,15,144,available,available,0,7,8,0.875,1,0.513889,0,0,sha256:753742bdb65d7ff73082fce925b75ab6228efb217f0226a9d87bad5ef5556c74
MO,Macau S.A.R.,0,0,missing,missing,2,7,8,0.875,,,0,0,sha256:753742bdb65d7ff73082fce925b75ab6228efb217f0226a9d87bad5ef5556c74
MK,North Macedonia,84,197,available,available,0,7,8,0.875,1,0.649746,0,0,sha256:753742bdb65d7ff73082fce925b75ab6228efb217f0226a9d87bad5ef5556c74
MG,Madagascar,6,9,available,available,0,7,8,0.875,1,0.222222,0,0,sha256:753742bdb65d7ff73082fce925b75ab6228efb217f0226a9d87bad5ef5556c74
MW,Malawi,30,61,available,available,0,7,8,0.875,1,1,0,3,sha256:753742bdb65d7ff73082fce925b75ab6228efb217f0226a9d87bad5ef5556c74
MY,Malaysia,16,179,available,available,0,7,8,0.875,1,0.329609,0,1,sha256:753742bdb65d7ff73082fce925b75ab6228efb217f0226a9d87bad5ef5556c74
MV,Maldives,26,21,available,available,0,7,8,0.875,1,0.238095,4,0,sha256:753742bdb65d7ff73082fce925b75ab6228efb217f0226a9d87bad5ef5556c74
ML,Mali,11,47,available,available,0,7,8,0.875,1,0.744681,0,3,sha256:753742bdb65d7ff73082fce925b75ab6228efb217f0226a9d87bad5ef5556c74
MT,Malta,67,68,available,available,0,7,8,0.875,1,0.970588,0,0,sha256:753742bdb65d7ff73082fce925b75ab6228efb217f0226a9d87bad5ef5556c74
IM,Isle of Man,0,0,missing,missing,2,7,8,0.875,,,0,0,sha256:753742bdb65d7ff73082fce925b75ab6228efb217f0226a9d87bad5ef5556c74
MH,Marshall Islands,2,0,available,missing,1,7,8,0.875,,,0,0,sha256:753742bdb65d7ff73082fce925b75ab6228efb217f0226a9d87bad5ef5556c74
MQ,Martinique,0,0,missing,missing,2,7,8,0.875,,,0,0,sha256:753742bdb65d7ff73082fce925b75ab6228efb217f0226a9d87bad5ef5556c74
MR,Mauritania,15,15,available,available,0,7,8,0.875,1,0.066667,0,0,sha256:753742bdb65d7ff73082fce925b75ab6228efb217f0226a9d87bad5ef5556c74
MU,Mauritius,17,97,available,available,0,7,8,0.875,1,0.443299,1,0,sha256:753742bdb65d7ff73082fce925b75ab6228efb217f0226a9d87bad5ef5556c74
YT,Mayotte,0,0,missing,missing,2,7,8,0.875,,,0,0,sha256:753742bdb65d7ff73082fce925b75ab6228efb217f0226a9d87bad5ef5556c74
MX,Mexico,32,9174,available,available,0,7,8,0.875,1,0.415086,0,31,sha256:753742bdb65d7ff73082fce925b75ab6228efb217f0226a9d87bad5ef5556c74
FM,Micronesia,4,81,available,available,0,7,8,0.875,1,0.012346,0,0,sha256:753742bdb65d7ff73082fce925b75ab6228efb217f0226a9d87bad5ef5556c74
MD,Moldova,36,72,available,available,0,7,8,0.875,1,0.930556,0,0,sha256:753742bdb65d7ff73082fce925b75ab6228efb217f0226a9d87bad5ef5556c74
MC,Monaco,3,0,available,missing,1,7,8,0.875,,,0,0,sha256:753742bdb65d7ff73082fce925b75ab6228efb217f0226a9d87bad5ef5556c74
MN,Mongolia,21,38,available,available,0,7,8,0.875,1,0.5,0,0,sha256:753742bdb65d7ff73082fce925b75ab6228efb217f0226a9d87bad5ef5556c74
ME,Montenegro,22,34,available,available,0,7,8,0.875,1,0.441176,0,0,sha256:753742bdb65d7ff73082fce925b75ab6228efb217f0226a9d87bad5ef5556c74
MS,Montserrat,0,0,missing,missing,2,7,8,0.875,,,0,0,sha256:753742bdb65d7ff73082fce925b75ab6228efb217f0226a9d87bad5ef5556c74
MA,Morocco,87,224,available,available,0,7,8,0.875,1,0.629464,0,16,sha256:753742bdb65d7ff73082fce925b75ab6228efb217f0226a9d87bad5ef5556c74
MZ,Mozambique,11,38,available,available,0,7,8,0.875,1,0.763158,0,1,sha256:753742bdb65d7ff73082fce925b75ab6228efb217f0226a9d87bad5ef5556c74
MM,Myanmar,15,74,available,available,0,7,8,0.875,1,0.5,0,0,sha256:753742bdb65d7ff73082fce925b75ab6228efb217f0226a9d87bad5ef5556c74
NA,Namibia,14,48,available,available,0,7,8,0.875,1,0.958333,0,3,sha256:753742bdb65d7ff73082fce925b75ab6228efb217f0226a9d87bad5ef5556c74
NR,Nauru,14,7,available,available,0,7,8,0.875,1,0,0,0,sha256:753742bdb65d7ff73082fce925b75ab6228efb217f0226a9d87bad5ef5556c74
NP,Nepal,19,55,available,available,0,7,8,0.875,1,0.727273,0,0,sha256:753742bdb65d7ff73082fce925b75ab6228efb217f0226a9d87bad5ef5556c74
NL,Netherlands,15,1740,available,available,0,7,8,0.875,1,0.555172,0,0,sha256:753742bdb65d7ff73082fce925b75ab6228efb217f0226a9d87bad5ef5556c74
NC,New Caledonia,0,0,missing,missing,2,7,8,0.875,,,0,0,sha256:753742bdb65d7ff73082fce925b75ab6228efb217f0226a9d87bad5ef5556c74
NZ,New Zealand,17,158,available,available,0,7,8,0.875,1,0.721519,0,2,sha256:753742bdb65d7ff73082fce925b75ab6228efb217f0226a9d87bad5ef5556c74
NI,Nicaragua,17,155,available,available,0,7,8,0.875,1,0.832258,0,2,sha256:753742bdb65d7ff73082fce925b75ab6228efb217f0226a9d87bad5ef5556c74
NE,Niger,7,70,available,available,0,7,8,0.875,1,0.371429,0,11,sha256:753742bdb65d7ff73082fce925b75ab6228efb217f0226a9d87bad5ef5556c74
NG,Nigeria,37,424,available,available,0,7,8,0.875,1,0.089623,0,0,sha256:753742bdb65d7ff73082fce925b75ab6228efb217f0226a9d87bad5ef5556c74
NU,Niue,0,0,missing,missing,2,7,8,0.875,,,0,0,sha256:753742bdb65d7ff73082fce925b75ab6228efb217f0226a9d87bad5ef5556c74
NF,Norfolk Island,0,0,missing,missing,2,7,8,0.875,,,0,0,sha256:753742bdb65d7ff73082fce925b75ab6228efb217f0226a9d87bad5ef5556c74
KP,North Korea,11,80,available,available,0,7,8,0.875,1,0.05,0,0,sha256:753742bdb65d7ff73082fce925b75ab6228efb217f0226a9d87bad5ef5556c74
MP,Northern Mariana Islands,0,0,missing,missing,2,7,8,0.875,,,0,0,sha256:753742bdb65d7ff73082fce925b75ab6228efb217f0226a9d87bad5ef5556c74
NO,Norway,21,668,available,available,0,7,8,0.875,1,0.965569,0,5,sha256:753742bdb65d7ff73082fce925b75ab6228efb217f0226a9d87bad5ef5556c74
OM,Oman,13,28,available,available,0,7,8,0.875,1,0.178571,0,0,sha256:753742bdb65d7ff73082fce925b75ab6228efb217f0226a9d87bad5ef5556c74
PK,Pakistan,8,458,available,available,0,7,8,0.875,1,0.334061,0,4,sha256:753742bdb65d7ff73082fce925b75ab6228efb217f0226a9d87bad5ef5556c74
PW,Palau,16,16,available,available,0,7,8,0.875,1,0.125,0,0,sha256:753742bdb65d7ff73082fce925b75ab6228efb217f0226a9d87bad5ef5556c74
PS,Palestine,0,0,missing,missing,2,7,8,0.875,,,0,0,sha256:753742bdb65d7ff73082fce925b75ab6228efb217f0226a9d87bad5ef5556c74
PA,Panama,13,600,available,available,0,7,8,0.875,1,0.095,0,4,sha256:753742bdb65d7ff73082fce925b75ab6228efb217f0226a9d87bad5ef5556c74
PG,Papua New Guinea,21,101,available,available,0,7,8,0.875,1,0.49505,0,14,sha256:753742bdb65d7ff73082fce925b75ab6228efb217f0226a9d87bad5ef5556c74
PY,Paraguay,17,140,available,available,0,7,8,0.875,1,0.107143,0,1,sha256:753742bdb65d7ff73082fce925b75ab6228efb217f0226a9d87bad5ef5556c74
PE,Peru,25,483,available,available,0,7,8,0.875,1,0.552795,0,48,sha256:753742bdb65d7ff73082fce925b75ab6228efb217f0226a9d87bad5ef5556c74
PH,Philippines,97,6520,available,available,0,7,8,0.875,1,0.266564,0,39,sha256:753742bdb65d7ff73082fce925b75ab6228efb217f0226a9d87bad5ef5556c74
PN,Pitcairn Island,0,0,missing,missing,2,7,8,0.875,,,0,0,sha256:753742bdb65d7ff73082fce925b75ab6228efb217f0226a9d87bad5ef5556c74
PL,Poland,16,3126,available,available,0,7,8,0.875,1,0.788868,0,3,sha256:753742bdb65d7ff73082fce925b75ab6228efb217f0226a9d87bad5ef5556c74
PT,Portugal,20,1313,available,available,0,7,8,0.875,1,0.673267,0,0,sha256:753742bdb65d7ff73082fce925b75ab6228efb217f0226a9d87bad5ef5556c74
PR,Puerto Rico,0,0,missing,missing,2,7,8,0.875,,,0,0,sha256:753742bdb65d7ff73082fce925b75ab6228efb217f0226a9d87bad5ef5556c74
QA,Qatar,8,15,available,available,0,7,8,0.875,1,0.4,0,0,sha256:753742bdb65d7ff73082fce925b75ab6228efb217f0226a9d87bad5ef5556c74
RE,Reunion,0,0,missing,missing,2,7,8,0.875,,,0,0,sha256:753742bdb65d7ff73082fce925b75ab6228efb217f0226a9d87bad5ef5556c74
RO,Romania,42,8081,available,available,0,7,8,0.875,1,0.913625,0,0,sha256:753742bdb65d7ff73082fce925b75ab6228efb217f0226a9d87bad5ef5556c74
RU,Russia,84,5545,available,available,0,7,8,0.875,1,0.61064,0,89,sha256:753742bdb65d7ff73082fce925b75ab6228efb217f0226a9d87bad5ef5556c74
RW,Rwanda,5,12,available,available,0,7,8,0.875,1,0.583333,0,0,sha256:753742bdb65d7ff73082fce925b75ab6228efb217f0226a9d87bad5ef5556c74
SH,Saint Helena,0,0,missing,missing,2,7,8,0.875,,,0,0,sha256:753742bdb65d7ff73082fce925b75ab6228efb217f0226a9d87bad5ef5556c74
KN,Saint Kitts And Nevis,15,13,available,available,0,7,8,0.875,1,0.923077,0,0,sha256:753742bdb65d7ff73082fce925b75ab6228efb217f0226a9d87bad5ef5556c74
LC,Saint Lucia,12,481,available,available,0,7,8,0.875,1,0,0,0,sha256:753742bdb65d7ff73082fce925b75ab6228efb217f0226a9d87bad5ef5556c74
PM,Saint Pierre and Miquelon,0,0,missing,missing,2,7,8,0.875,,,0,0,sha256:753742bdb65d7ff73082fce925b75ab6228efb217f0226a9d87bad5ef5556c74
VC,Saint Vincent And the Grenadines,6,9,available,available,0,7,8,0.875,1,0.777778,0,0,sha256:753742bdb65d7ff73082fce925b75ab6228efb217f0226a9d87bad5ef5556c74
BL,Saint Barthélemy,0,0,missing,missing,2,7,8,0.875,,,0,0,sha256:753742bdb65d7ff73082fce925b75ab6228efb217f0226a9d87bad5ef5556c74
MF,Saint-Martin (French part),0,0,missing,missing,2,7,8,0.875,,,0,0,sha256:753742bdb65d7ff73082fce925b75ab6228efb217f0226a9d87bad5ef5556c74
WS,Samoa,11,20,available,available,0,7,8,0.875,1,0.85,0,0,sha256:753742bdb65d7ff73082fce925b75ab6228efb217f0226a9d87bad5ef5556c74
SM,San Marino,9,9,available,available,0,7,8,0.875,1,0,0,0,sha256:753742bdb65d7ff73082fce925b75ab6228efb217f0226a9d87bad5ef5556c74
ST,Sao Tome and Principe,2,5,available,available,0,7,8,0.875,1,0.6,0,0,sha256:753742bdb65d7ff73082fce925b75ab6228efb217f0226a9d87bad5ef5556c74
SA,Saudi Arabia,13,563,available,available,0,7,8,0.875,1,0.332149,0,1,sha256:753742bdb65d7ff73082fce925b75ab6228efb217f0226a9d87bad5ef5556c74
SN,Senegal,14,73,available,available,0,7,8,0.875,1,0.616438,0,2,sha256:753742bdb65d7ff73082fce925b75ab6228efb217f0226a9d87bad5ef5556c74
RS,Serbia,26,334,available,available,0,7,8,0.875,1,0.610778,0,1,sha256:753742bdb65d7ff73082fce925b75ab6228efb217f0226a9d87bad5ef5556c74
SC,Seychelles,24,8,available,available,0,7,8,0.875,1,0.125,0,0,sha256:753742bdb65d7ff73082fce925b75ab6228efb217f0226a9d87bad5ef5556c74
SL,Sierra Leone,4,90,available,available,0,7,8,0.875,1,0.344444,0,0,sha256:753742bdb65d7ff73082fce925b75ab6228efb217f0226a9d87bad5ef5556c74
SG,Singapore,5,2,available,available,0,7,8,0.875,1,0,0,0,sha256:753742bdb65d7ff73082fce925b75ab6228efb217f0226a9d87bad5ef5556c74
SX,Sint Maarten (Dutch part),0,0,missing,missing,2,7,8,0.875,,,0,0,sha256:753742bdb65d7ff73082fce925b75ab6228efb217f0226a9d87bad5ef5556c74
SK,Slovakia,8,233,available,available,0,7,8,0.875,1,0.892704,0,0,sha256:753742bdb65d7ff73082fce925b75ab6228efb217f0226a9d87bad5ef5556c74
SI,Slovenia,211,311,available,available,0,7,8,0.875,1,0.951768,0,0,sha256:753742bdb65d7ff73082fce925b75ab6228efb217f0226a9d87bad5ef5556c74
SB,Solomon Islands,10,7,available,available,0,7,8,0.875,1,0.714286,0,0,sha256:753742bdb65d7ff73082fce925b75ab6228efb217f0226a9d87bad5ef5556c74
SO,Somalia,16,46,available,available,0,7,8,0.875,1,0.652174,3,0,sha256:753742bdb65d7ff73082fce925b75ab6228efb217f0226a9d87bad5ef5556c74
ZA,South Africa,9,314,available,available,0,7,8,0.875,1,0.89172,0,19,sha256:753742bdb65d7ff73082fce925b75ab6228efb217f0226a9d87bad5ef5556c74
GS,South Georgia and the South Sandwich Islands,0,0,missing,notApplicable,2,7,8,0.875,,,0,0,sha256:753742bdb65d7ff73082fce925b75ab6228efb217f0226a9d87bad5ef5556c74
KR,South Korea,17,309,available,available,0,7,8,0.875,1,0.313916,0,0,sha256:753742bdb65d7ff73082fce925b75ab6228efb217f0226a9d87bad5ef5556c74
SS,South Sudan,10,1,available,available,0,7,8,0.875,1,1,0,0,sha256:753742bdb65d7ff73082fce925b75ab6228efb217f0226a9d87bad5ef5556c74
ES,Spain,28,6692,available,available,0,7,8,0.875,1,0.660191,0,6,sha256:753742bdb65d7ff73082fce925b75ab6228efb217f0226a9d87bad5ef5556c74
LK,Sri Lanka,33,147,available,available,0,7,8,0.875,1,0.782313,0,11,sha256:753742bdb65d7ff73082fce925b75ab6228efb217f0226a9d87bad5ef5556c74
SD,Sudan,18,71,available,available,0,7,8,0.875,1,0.521127,0,0,sha256:753742bdb65d7ff73082fce925b75ab6228efb217f0226a9d87bad5ef5556c74
SR,Suriname,10,13,available,available,0,7,8,0.875,1,0.538462,0,0,sha256:753742bdb65d7ff73082fce925b75ab6228efb217f0226a9d87bad5ef5556c74
SJ,Svalbard And Jan Mayen Islands,0,0,missing,missing,2,7,8,0.875,,,0,0,sha256:753742bdb65d7ff73082fce925b75ab6228efb217f0226a9d87bad5ef5556c74
SZ,Swaziland,4,34,available,available,0,7,8,0.875,1,0.470588,0,0,sha256:753742bdb65d7ff73082fce925b75ab6228efb217f0226a9d87bad5ef5556c74
SE,Sweden,20,1072,available,available,0,7,8,0.875,1,0.829291,0,16,sha256:753742bdb65d7ff73082fce925b75ab6228efb217f0226a9d87bad5ef5556c74
CH,Switzerland,26,1506,available,available,0,7,8,0.875,1,0.706507,0,1,sha256:753742bdb65d7ff73082fce925b75ab6228efb217f0226a9d87bad5ef5556c74
SY,Syria,14,142,available,available,0,7,8,0.875,1,0.711268,0,5,sha256:753742bdb65d7ff73082fce925b75ab6228efb217f0226a9d87bad5ef5556c74
TW,Taiwan,22,40,available,available,0,7,8,0.875,1,0.55,1,2,sha256:753742bdb65d7ff73082fce925b75ab6228efb217f0226a9d87bad5ef5556c74
TJ,Tajikistan,4,70,available,available,0,7,8,0.875,1,0.428571,0,1,sha256:753742bdb65d7ff73082fce925b75ab6228efb217f0226a9d87bad5ef5556c74
TZ,Tanzania,31,299,available,available,0,7,8,0.875,1,0.267559,0,7,sha256:753742bdb65d7ff73082fce925b75ab6228efb217f0226a9d87bad5ef5556c74
TH,Thailand,78,1240,available,available,0,7,8,0.875,1,0.920968,0,11,sha256:753742bdb65d7ff73082fce925b75ab6228efb217f0226a9d87bad5ef5556c74
TG,Togo,5,22,available,available,0,7,8,0.875,1,0.909091,0,0,sha256:753742bdb65d7ff73082fce925b75ab6228efb217f0226a9d87bad5ef5556c74
TK,Tokelau,0,0,missing,missing,3,6,8,0.75,,,0,0,sha256:753742bdb65d7ff73082fce925b75ab6228efb217f0226a9d87bad5ef5556c74
TO,Tonga,5,8,available,available,0,7,8,0.875,1,0.5,0,0,sha256:753742bdb65d7ff73082fce925b75ab6228efb217f0226a9d87bad5ef5556c74
TT,Trinidad And Tobago,16,25,available,available,0,7,8,0.875,1,0.32,0,0,sha256:753742bdb65d7ff73082fce925b75ab6228efb217f0226a9d87bad5ef5556c74
TN,Tunisia,23,134,available,available,0,7,8,0.875,1,0.552239,0,0,sha256:753742bdb65d7ff73082fce925b75ab6228efb217f0226a9d87bad5ef5556c74
TR,Türkiye,81,1026,available,available,0,7,8,0.875,1,0.196881,0,8,sha256:753742bdb65d7ff73082fce925b75ab6228efb217f0226a9d87bad5ef5556c74
TM,Turkmenistan,6,30,available,available,0,7,8,0.875,1,0.966667,0,0,sha256:753742bdb65d7ff73082fce925b75ab6228efb217f0226a9d87bad5ef5556c74
TC,Turks And Caicos Islands,0,0,missing,missing,2,7,8,0.875,,,0,0,sha256:753742bdb65d7ff73082fce925b75ab6228efb217f0226a9d87bad5ef5556c74
TV,Tuvalu,8,9,available,available,0,7,8,0.875,1,0.111111,0,0,sha256:753742bdb65d7ff73082fce925b75ab6228efb217f0226a9d87bad5ef5556c74
UG,Uganda,125,91,available,available,0,7,8,0.875,1,0.593407,0,1,sha256:753742bdb65d7ff73082fce925b75ab6228efb217f0226a9d87bad5ef5556c74
UA,Ukraine,25,1569,available,available,0,7,8,0.875,1,0.657744,1,9,sha256:753742bdb65d7ff73082fce925b75ab6228efb217f0226a9d87bad5ef5556c74
AE,United Arab Emirates,7,39,available,available,0,7,8,0.875,1,0.051282,0,0,sha256:753742bdb65d7ff73082fce925b75ab6228efb217f0226a9d87bad5ef5556c74
GB,United Kingdom,247,3871,available,available,0,7,8,0.875,1,0.842676,2,5,sha256:753742bdb65d7ff73082fce925b75ab6228efb217f0226a9d87bad5ef5556c74
US,United States,66,19818,available,available,0,7,8,0.875,1,0.924614,15,33,sha256:753742bdb65d7ff73082fce925b75ab6228efb217f0226a9d87bad5ef5556c74
UM,United States Minor Outlying Islands,0,0,missing,unknown,4,4,8,0.5,,,0,0,sha256:753742bdb65d7ff73082fce925b75ab6228efb217f0226a9d87bad5ef5556c74
UY,Uruguay,19,155,available,available,0,7,8,0.875,1,0.922581,0,0,sha256:753742bdb65d7ff73082fce925b75ab6228efb217f0226a9d87bad5ef5556c74
UZ,Uzbekistan,14,135,available,available,0,7,8,0.875,1,0.696296,0,2,sha256:753742bdb65d7ff73082fce925b75ab6228efb217f0226a9d87bad5ef5556c74
VU,Vanuatu,6,7,available,available,0,7,8,0.875,1,0.714286,0,0,sha256:753742bdb65d7ff73082fce925b75ab6228efb217f0226a9d87bad5ef5556c74
VA,Vatican City,0,0,missing,missing,2,7,8,0.875,,,0,0,sha256:753742bdb65d7ff73082fce925b75ab6228efb217f0226a9d87bad5ef5556c74
VE,Venezuela,25,135,available,available,0,7,8,0.875,1,0.748148,0,0,sha256:753742bdb65d7ff73082fce925b75ab6228efb217f0226a9d87bad5ef5556c74
VN,Vietnam,63,467,available,available,0,7,8,0.875,1,0.141328,0,1,sha256:753742bdb65d7ff73082fce925b75ab6228efb217f0226a9d87bad5ef5556c74
VG,British Virgin Islands,0,0,missing,missing,2,7,8,0.875,,,0,0,sha256:753742bdb65d7ff73082fce925b75ab6228efb217f0226a9d87bad5ef5556c74
VI,U.S. Virgin Islands,0,0,missing,missing,2,7,8,0.875,,,0,0,sha256:753742bdb65d7ff73082fce925b75ab6228efb217f0226a9d87bad5ef5556c74
WF,Wallis And Futuna,0,0,missing,missing,2,7,8,0.875,,,0,0,sha256:753742bdb65d7ff73082fce925b75ab6228efb217f0226a9d87bad5ef5556c74
EH,Western Sahara,0,0,missing,missing,2,7,8,0.875,,,0,0,sha256:753742bdb65d7ff73082fce925b75ab6228efb217f0226a9d87bad5ef5556c74
YE,Yemen,21,342,available,available,0,7,8,0.875,1,0.929825,0,2,sha256:753742bdb65d7ff73082fce925b75ab6228efb217f0226a9d87bad5ef5556c74
ZM,Zambia,10,71,available,available,0,7,8,0.875,1,0.859155,0,1,sha256:753742bdb65d7ff73082fce925b75ab6228efb217f0226a9d87bad5ef5556c74
ZW,Zimbabwe,10,109,available,available,0,7,8,0.875,1,0.541284,0,7,sha256:753742bdb65d7ff73082fce925b75ab6228efb217f0226a9d87bad5ef5556c74
